CorRaw,CorRemAuto
0.732159600448186,0.642765930531648
