RelBrainBeh,RelBrainAR_1Beh
0.462249374850447,0.446314661054584
